MSE,RMSE,NRMSE,MAE,R2
0.0045841583,0.06770641,0.008594311,0.03748078,0.998457670211792
