MSE,RMSE,NRMSE,MAE,R2
0.002172,0.046602,0.005915,0.025767,0.998391
