MSE,RMSE,NRMSE,MAE,R2
0.005872,0.076629,0.00682,0.040851,0.998006
