MSE,RMSE,NRMSE,MAE,R2
0.01713569,0.13090336,0.016616212,0.07183055,0.9981628656387329
