MSE,RMSE,NRMSE,MAE,R2
0.09131416,0.30218232,0.03815669,0.16638055,0.9953697919845581
