MSE,RMSE,NRMSE,MAE,R2
0.00389356,0.0623984,0.005553844,0.033622704,0.99804008
