MSE,RMSE,NRMSE,MAE,R2
0.000056,0.007484,0.003872,0.004656,0.98144
