MSE,RMSE,NRMSE,MAE,R2
0.008211389,0.09061672,0.012362285,0.04686947,0.996812641620636
