MSE,RMSE,NRMSE,MAE,R2
0.0017479073,0.04180798,0.005703607,0.02247713,0.9947271943092346
