MSE,RMSE,NRMSE,MAE,R2
0.00056315126,0.023730809,0.012277235,0.0127049405,0.9834924936294556
