MSE,RMSE,NRMSE,MAE,R2
0.006889147,0.08300088,0.0427363,0.04664928,0.5868943333625793
