MSE,RMSE,NRMSE,MAE,R2
0.001912219,0.04372893,0.003892146,0.022954278,0.998060763
