MSE,RMSE,NRMSE,MAE,R2
0.002636383,0.05134572,0.0070047826,0.026974656,0.9950911998748779
