MSE,RMSE,NRMSE,MAE,R2
0.015761305,0.12554404,0.011174198,0.06558991,0.9978821873664856
