MSE,RMSE,NRMSE,MAE,R2
0.0006682478,0.02585049,0.013373861,0.014206959,0.9819581508636475
