MSE,RMSE,NRMSE,MAE,R2
0.014508158,0.12044982,0.016432231,0.064875886,0.9194842576980591
