MSE,RMSE,NRMSE,MAE,R2
0.000134,0.011595,0.005999,0.006668,0.981989
